x	v	dtheta	theta	sin(theta)	cos(theta)	u
-0.064321554522457	-0.13827009121333	-0.030686867929049	0.17412923734464	0.17325060859934	0.98487777242659	0.25817871571434
-0.067925854517612	-0.0025289143332043	-0.8972425730028	0.10388544947756	0.10369869175607	0.99460875791845	-0.79032498914298
-0.075563926987711	-0.10252191046162	-0.89385318074771	0.022521864376493	0.022519960447481	0.9997463935326	-2.9920925260485
-0.094785646170135	-0.55927498434024	0.47497382416149	0.015100182043663	0.015099608204285	0.9998859944174	-8.0990852965503
-0.21842015716561	-1.7235250900328	3.7708116562435	0.24168473936441	0.23933873963422	0.97093612957305	-1.3265791215592
-0.37879955524577	-1.6651227721515	2.3553556825363	0.54775035420612	0.52076802970816	0.85369822492136	4.1847039545815
-0.52167010865159	-0.83029370807343	-1.36047098009	0.61099164722698	0.5736799799826	0.81907953250412	-7.680635348745
-0.64609189111217	-1.646657042554	-0.78476189679383	0.4807032545136	0.46240284448271	0.88666995517741	-8.4383063569843
-0.8469147467761	-2.6082889799405	0.43856535801815	0.46415956031638	0.44767144005104	0.8941981222093	-2.6149418356898
-1.1168332425114	-2.7364806324673	-0.58588443358497	0.4692313894441	0.45220088287489	0.89191611798822	-9.327432438418
-1.4519628184864	-3.7916213590249	0.97218911421985	0.49825887415123	0.4778968309996	0.87841597146258	-6.1569924914078
-1.8573475333924	-4.3488197541339	0.9209601336371	0.58935946721335	0.55582866406793	0.83129687609209	-0.57280309059322
-2.2650102171397	-4.1602113996572	-1.2502916659186	0.55697059383355	0.52861708456275	0.84886039954069	-7.1015436002526
-2.7487847584682	-4.8383357026668	-0.86551972789775	0.45321037149275	0.43785405737277	0.89904606358195	4.3567105542667
-3.1677788128652	-3.8923321827952	-4.500334626386	0.173794793443	0.17292121255136	0.98493565995438	3.23428556008
-3.5430208598839	-3.4465521520105	-5.6900661237965	-0.36189287597018	-0.35404513772982	0.93522833599601	-1.3625917357218
-3.9066400292183	-3.9564883561261	-2.7756881856019	-0.7749889259387	-0.69970816376137	0.71442878271084	-1.0793022769873
-4.3163359059353	-4.2790243658411	0.095600376781226	-0.92497199638839	-0.7986039093435	0.60185695641181	0.16663067516248
-4.7661312624686	-4.4317659084798	2.6759446357364	-0.777981353286	-0.70184290398929	0.71233176127411	0.56175745584153
-5.1874693111614	-4.6715092228137	4.8912774821203	-0.38949198986891	-0.3797185029122	0.92510208006799	1.4575603285141
-5.6546970526063	-4.5086323485156	4.7961613811023	0.12259045336161	0.12228362721967	0.99249519621709	-2.7835586633457
-6.1155946768671	-4.5723467616629	3.940383897112	0.56781424478368	0.53779057169862	0.84307846668746	-3.2704548506394
-6.5621684538347	-4.5839108306045	2.0105439192515	0.89009628689997	0.77713234805739	0.62933720182649	-6.5346746968733
-7.0739672277336	-5.0579708763845	0.43960847449091	1.0244277285297	0.85441698404995	0.51958793035154	-8.2776303488191
-7.6027608467767	-5.7367013856075	-0.94232250355363	0.98700788795846	0.83438049715477	0.5511888841112	-2.1332726032162
-8.1915458313598	-5.6581657557522	-3.3867350869115	0.76060345862675	0.68935872818806	0.72442014319795	6.0873577446152
-8.6794049000111	-4.2706321197644	-8.3831659375893	0.1589863012845	0.15831737390007	0.9873882767794	-9.7783862518977
-9.1810055721308	-5.8651036773243	-3.2884294190799	-0.42399883061323	-0.41140847116338	0.91145107924398	-5.3377356451646
-9.8258718892527	-6.7586505885	0.53477361890679	-0.57281647533759	-0.54200109860909	0.84037777761346	8.6770117183575
-10.437166844364	-5.7100410311916	-0.56657335491657	-0.56401215762316	-0.53458123449831	0.84511709468112	-5.4640495662876
-11.056718225724	-6.6452321223676	3.3300917881793	-0.42953912402973	-0.41645183769916	0.90915777886844	5.7189394048038
-11.666623836569	-5.8690332681864	1.9179744552057	-0.16825237108724	-0.16745965515027	0.98587892963434	-1.7854234631105
-12.29103889484	-6.0707181338197	2.6840307779208	0.085417713833523	0.085313881134252	0.99635412463933	-7.6121444989052
-12.926431695889	-6.9269782769815	4.4450789707706	0.46440811221215	0.44789368085909	0.89408682500443	2.6874068997276
-13.578215880717	-6.2009331759213	0.90060505149299	0.73043436131197	0.66719324701551	0.74488466968847	7.2477637218534
-14.139539575871	-4.9175811833305	-3.933791641277	0.57068549537248	0.54020904112374	0.84153086211272	-6.8351268101647
-14.662893127047	-5.5446178901085	-3.1984559689567	0.19630765882908	0.19504924457602	0.98079345031985	2.0237015616259
-15.177425828579	-5.1578595526936	-4.4645459193577	-0.20402273939519	-0.20261026511999	0.97925945513332	-7.6478537533655
-15.776055379119	-6.4272777553654	0.10912812679058	-0.41855459673034	-0.40644024583472	0.91367736459092	2.5219671859043
-16.402493834116	-6.143505759399	0.53188029126337	-0.38482661345777	-0.37539843672753	0.92686353564186	6.702493492841
-0.035261472872388	-0.042614996677276	0.11222179973906	-0.017054865982592	-0.017054039207534	0.99985456929831	8.2063814196694
0.032920430688331	1.1924272590157	-3.41122389817	-0.19561011710317	-0.1943650528234	0.98092926668591	4.6076815532862
0.17878585181606	1.5801861152028	-3.4467595686463	-0.54870520629607	-0.52158294771539	0.85320057937892	-1.1291755908312
0.33159452237151	1.156207782828	-0.58106910794604	-0.74503810443535	-0.67799982007297	0.73506206811467	-3.8427878558528
0.39880578687376	0.4182280269876	3.0694916616391	-0.63088261507457	-0.58985770563455	0.80750720560472	-1.4220886756622
0.39875607323166	-0.14831736410269	5.7288416560972	-0.17687190888696	-0.17595114983539	0.98439889926371	0.79353240307284
0.37384427244949	0.095804498046242	4.762858325478	0.36139452728993	0.35357902397834	0.93540465778321	-3.6749030665072
0.39900650477047	-0.019541808189754	3.4111821071191	0.79032609173584	0.71058275278629	0.70361363790269	-8.7760415348865
0.37125088281458	-0.73603001789176	2.2466028573158	1.0812204211118	0.88253236902228	0.47025165350897	-8.5690424948626
0.26727726144439	-1.4345417211515	0.42593270219936	1.2310322500587	0.94283331665405	0.33326466510436	-1.949113941375
0.11303459705335	-1.4990853346589	-2.2874735199774	1.1373198944737	0.90751103677831	0.42002823491471	6.5654296809258
0.037291735449609	-0.28239623181599	-6.8045380123169	0.68940330152914	0.63607686761224	0.77162569843713	7.9247571055821
0.081193355344369	1.2585207440229	-11.714630000221	-0.28097448614754	-0.27729205241067	0.96078567728182	8.3133922245205
0.18486482487554	0.91787829638868	-9.0649932681717	-1.3353332514291	-0.97240641321341	0.23329330796539	-3.7539092596114
0.2236193782165	-0.15999914017671	-6.6533049474841	-2.122163896208	-0.85180891400021	-0.52385262625073	-2.2848008432633
0.19459279394276	-0.58670966067914	-5.7298021649884	-2.7186252817955	-0.41046812822618	-0.9118749452148	-1.2134898649364
0.11880767611081	-0.79480150215977	-5.8343888712657	-3.2841516678703	0.1420766318511	-0.98985566153952	-0.10120148102495
0.05508965177313	-0.67129530455947	-6.848620046925	-3.9076120696801	0.69327202737312	-0.72067599936585	-1.1422484649902
-0.00076248483862964	-0.21314719461629	-8.9888360301024	-4.6971261955386	0.99988352596048	-0.015262192268725	-2.098076446893
0.036758489833278	1.0870058565312	-13.386958291476	-5.796351483984	0.46782991207406	0.88381851834456	7.8822017634929
0.20323491581935	1.2910406087363	-13.690244066647	-7.2975936072834	-0.84916821042269	0.52812247671116	-0.012735437627302
0.26224232962801	-0.39676495255307	-10.806939364739	-8.4612830987892	-0.82119093459246	-0.57065352793368	-2.6558606594631
0.13298203737097	-1.3771895115451	-12.135932751393	-9.6013824371476	0.17568788327927	-0.98444591911839	2.5262248769569
0.042372371533727	0.050732979280006	-11.307982996987	-10.75321517227	0.97077450451751	-0.23999346111671	-7.2297727851693
0.1393993523753	1.3295444618958	-15.428046038495	-12.056204076201	0.48832258537506	0.87266319540394	7.441812460919
0.29562354141687	1.1039297703568	-14.652351835929	-13.717207672286	-0.9131055480997	0.40772326157523	-1.7331949578721
0.28641074298708	-1.1171170167602	-13.337444505211	-15.065098014034	-0.59949119483781	-0.80038135117701	-0.23865167379934
0.14304290749494	-1.0428046191228	-13.240058000612	-16.435538287629	0.66506064274183	-0.74678935549178	-2.6977913506258
0.1138648139092	0.89672374528512	-15.43736008419	-17.808812307351	0.86278042133557	0.50557882131278	-2.4379688778039
0.31532011814698	1.1771319316338	-16.109843441513	-19.586436239398	-0.67198084696842	0.74056852573385	6.2545150543952
0.32320563182989	-0.49193303348883	-12.406627511397	-20.954937287458	-0.86048011928717	-0.50948401771943	-3.2028036686309
0.17935084762781	-1.7041150859498	-14.274336952092	-22.302392602463	0.30624312907507	-0.95195333178382	2.5438192863931
0.12958093085897	0.35816013543298	-13.543475049911	-23.624660898437	0.99803399642363	0.0626748911661	-8.4967470988293
0.23988623309972	1.4979313020966	-17.031455912231	-25.218577367947	-0.085730773522473	0.99631833992517	9.5679483317286
0.33396455945419	0.24579128218825	-13.176118494377	-26.733938920957	-0.9995379140812	-0.030396682618539	-3.8467430866797
0.26668296047379	-1.8272731049916	-14.577672033231	-28.084765159946	-0.18843536095893	-0.98208559440625	2.7121741358047
0.11304457235421	-0.37841180984364	-12.663685384737	-29.415308011031	0.90903985573925	-0.41670917997755	-6.7617863123485
0.17960084871457	1.353161566843	-16.881843959821	-30.850406878248	0.53585464062573	0.84431025347314	7.27753503194
0.34193159729733	0.88326352522704	-15.768488561071	-32.659956574121	-0.94708525702052	0.32098211154889	-2.0033813020211
0.27483812095773	-1.7642413771855	-15.996349281843	-34.180426083193	-0.36821937668728	-0.92973893681615	2.767381527107
-0.15567084499411	0.15960706419477	0.12685635618295	0.039478237585889	0.039467983707189	0.99922083558245	6.1280008677843
-0.084610067247044	1.1242836409399	-2.7211217889955	-0.10309441087617	-0.10291188547301	0.99469047639373	6.4134682429212
0.068828058929991	1.8665680373458	-4.0799667249233	-0.46741288456538	-0.45057818225196	0.8927369722816	1.4980477735701
0.23974394469355	1.7290354768274	-2.0052921980298	-0.75454848071867	-0.68495977017005	0.72858088998311	-2.1546805947791
0.37681768769417	1.219465820212	1.2070774643731	-0.80043585973871	-0.7176596891548	0.69639397654074	-0.65578344884383
0.48413375069106	0.81301668649441	4.0254259966205	-0.55134972201885	-0.52383742359779	0.85181826326889	0.63579156451028
0.55686712191111	0.60246124119412	5.4704726471275	-0.074424207684948	-0.074355521225367	0.99723179675705	-0.95355975168459
0.61694209188791	0.68808860121673	4.6628313634039	0.46920212225362	0.4521747788023	0.8919293522556	-5.2154256680312
0.66958465621919	0.39328742132434	3.4258415643452	0.91056005426981	0.78984734678138	0.6133034883175	-9.1840080601057
0.65364200945733	-0.33741851971762	2.0170375915426	1.1781007031084	0.92388085582975	0.38268023757609	-9.3536070682175
0.59674691981735	-1.1800493322328	0.016772628204657	1.272121927545	0.95572739145168	0.2942535526191	-6.1692229105237
0.43827082132916	-1.6596844944825	-2.2709107059147	1.1581218850803	0.91605148675797	0.40106068569296	2.9792530936559
0.31530921568473	-0.93491946072634	-5.9669537279353	0.74949080956152	0.68126610269755	0.73203585794365	6.9573533024621
0.30964065444456	0.61629498759448	-11.116774286125	-0.11167275021332	-0.11144078675177	0.99377107577558	7.5848094029174
0.3693178968366	0.41734560544158	-9.1123549563036	-1.1607433542215	-0.91709970616797	0.39865790967522	-2.4615440298873
0.35337108116724	-0.50733679125608	-6.0752720068857	-1.9175975845375	-0.94046474687941	-0.33989124713214	-2.8004271565047
0.28260327436829	-0.95654412742025	-4.4188349661976	-2.4374474125206	-0.64738259860833	-0.76216518617628	-2.3035470024428
0.18703964418589	-1.1813805168462	-3.5915770164515	-2.8321314726288	-0.30454545672614	-0.95249780303551	-0.81921552423379
0.045398459954537	-1.2706170720288	-3.3457725843278	-3.1579560016835	0.016362617864092	-0.99986612340685	2.3029599190318
-0.07053456685107	-0.93599235570835	-2.9181809869205	-3.4529152810194	0.30631795175172	-0.9519292581041	3.3521587123423
-0.11839527780671	-0.56333257052532	-3.3109477283377	-3.7752110296703	0.59206464224331	-0.80589047606068	3.5612767120132
-0.18424757880304	-0.20229414890581	-4.644955052861	-4.1534516657032	0.84781911627851	-0.53028553258855	1.0991013204381
-0.17548316286255	0.24947307493367	-7.1503746643248	-4.7602691195389	0.99885396510354	0.047861846986305	-8.9988234217185
-0.16746035679854	0.28729852151432	-9.8286624494856	-5.6028770986196	0.62903264871731	0.77737888242972	4.7708715566452
-0.049921441771619	1.1449454114656	-12.485193133395	-6.7991738182027	-0.49339490220412	0.86980542104484	4.7383413369998
0.0015016416734743	0.26765138437687	-8.6776710650008	-7.8565974710753	-0.99999657870008	-0.0026158341176653	-2.2622913702038
-0.013810281448245	-0.57446787239222	-6.8381992405061	-8.6162546930547	-0.72326818040335	-0.6905672590096	-0.23791408375215
-0.076845257540221	-0.70159395088121	-5.8436876729344	-9.2623612539643	-0.16170357793919	-0.98683937542118	1.0979453336119
-0.13575335495595	-0.51680470359421	-5.5700069967282	-9.8065851316345	0.37259811848413	-0.92799280282882	3.6444149022108
-0.15424102779332	0.03705779330882	-5.9738104448613	-10.349040326819	0.79817661234462	-0.60242351838725	-1.3579440385389
-0.14242320353865	0.4509169260382	-8.532069210135	-11.051005090987	0.9984641063386	0.055402421909725	-9.8642738442697
-0.088399392827826	0.59491176644322	-11.161983242805	-12.08065616555	0.46684029537379	0.88434164134418	5.0818755921753
0.045054454910848	0.92745180075405	-11.845303301464	-13.343312228392	-0.70110188546322	0.71306110972336	2.3977690619041
0.080580548298696	-0.085228197761155	-8.0915393707618	-14.322417185143	-0.98289018833962	-0.18419250165442	-1.6951395419688
0.0084620681339407	-0.69528160854118	-6.5235079362137	-15.042420904293	-0.61748583701477	-0.78658199895889	-0.14520021630443
-0.051800012476081	-0.78809871216089	-5.6944920274805	-15.628996262219	-0.078884961063587	-0.99688372587679	1.7255708514788
-0.12106429200747	-0.48548904493245	-5.4349531503844	-16.18373134034	0.45802135339859	-0.88894119031065	3.6595967440742
-0.14989495711154	0.095692437659576	-6.1703692119862	-16.744384462667	0.86058704461531	-0.50930338565563	-3.2610164548891
-0.11695757153344	0.40006025654841	-8.9907375358467	-17.502932399585	0.97497832604834	0.22229994092662	-9.7738091729477
-0.07834634947247	0.51254151457087	-11.244840359234	-18.521189487498	0.322497174153	0.94657042667903	8.0080877516597
0.13073128457838	-0.083652795636903	0.0090396423413156	-0.15510540242421	-0.15448423724388	0.98799525324931	6.425656772696
0.17245475799806	0.78073832302111	-2.0630593066684	-0.23902931979977	-0.23675965605119	0.97156825044179	4.5129983290424
0.24870430330542	1.2080500912576	-2.1907090088093	-0.48273843547733	-0.4642064194238	0.88572704608459	-1.7516445759879
0.35838442554924	0.70992337406996	0.57831556979074	-0.57591944795392	-0.54460615434558	0.83869191998547	-3.4925809580059
0.39770829479004	-0.027319109633731	3.9433597819412	-0.33898009705917	-0.3325254006047	0.94309429960778	-0.75753587089706
0.37814737358772	-0.24444959010215	4.9340402259735	0.15397292187223	0.15336525300935	0.98816957004827	-0.8979048010249
0.36376301973254	-0.091223727599609	3.5017430947798	0.56361989723999	0.5342496874239	0.8453267246973	-5.5894772517383
0.31534244455044	-0.48469908631945	2.4162421156409	0.86173029969808	0.75897034021996	0.6511251973825	-7.681350017415
0.26038973524043	-1.1050875149694	1.0737285304469	1.0381812120052	0.86148209401261	0.50778794953765	-4.127000578282
0.13329351736785	-1.3663414250872	-1.1261318821041	1.0523498456797	0.8685900448385	0.49553136531148	5.1449521063759
0.030442926156241	-0.43975229050901	-5.1857785527336	0.72753844586737	0.665033329363	0.7468136787957	8.871954226122
0.069398103487463	1.3311576601438	-11.016528868185	-0.10413970921184	-0.10395157735988	0.99458235936718	7.160515892911
0.21517737596345	1.1445058276032	-9.0664871582939	-1.1315012115833	-0.90505167667619	0.42530161361745	-2.3360149093461
0.26639631390293	0.22738275158269	-5.9289307353258	-1.873475758508	-0.95454123451195	-0.29807890166262	-1.6885804162098
0.26784431884689	-0.084367309346629	-3.8719383121338	-2.3373980900405	-0.72027215219492	-0.69369159341346	-2.2241317039567
0.24737411520917	-0.24620826252402	-2.5791127266924	-2.669601367936	-0.45466075345117	-0.89066469519748	0.50368890223971
0.24312779931726	-0.0037561489043277	-0.80527375402391	-2.8415613397854	-0.29555012173635	-0.9553272347953	-1.6616905285629
0.22642978048057	-0.12899468970331	-0.34621781846287	-2.8944953488797	-0.24459046341359	-0.96962647715867	-2.7607890042498
0.22377744848362	-0.4069864256242	-0.52422432050056	-2.9272152539346	-0.21273912115013	-0.97710903502745	-1.9372739233046
0.15521751884422	-0.59752719840913	-0.54005843273029	-2.9963316588565	-0.14475068061634	-0.98946816040796	-0.81405820866548
0.083238940704322	-0.62623614632739	-0.27913561426028	-3.0034589428887	-0.13769484318298	-0.99047469940469	-2.4886732389671
0.005545333702939	-0.96459669186526	-0.95733464018862	-3.0847380349627	-0.05682399364736	-0.99838421148672	1.4476062943332
-0.073860643059213	-0.72242360639232	-0.087409749437942	-3.1177986181133	-0.02379179035025	-0.99971693529315	-1.1357423696744
-0.16077211414273	-0.87926307558914	-0.59857658214872	-3.1675111377981	0.025915582438516	-0.99966413489075	1.5699757434444
-0.2275043652243	-0.63627042748009	-0.040598587373322	-3.1909327719346	0.04932010146201	-0.99878302327972	0.24116823121669
-0.30393163244863	-0.62307392441275	-0.13727468247154	-3.2127088579954	0.071056274356297	-0.9974723083247	0.8698943301953
-0.33599045434202	-0.52871842384449	-0.022438183332379	-3.2194874754832	0.077816073308538	-0.99696773204294	0.69699877915008
-0.39505387560472	-0.45221721978806	-0.023668401883273	-3.2117737209209	0.070123470087242	-0.99753831953611	0.31108648034822
-0.42951257939	-0.43723315774015	-0.21649070391138	-3.2361428946718	0.094409428148902	-0.99553345492585	1.7749968052537
-0.47110343969306	-0.19946246405939	0.25713579713991	-3.2336792764751	0.091956529790067	-0.99576302232457	0.16320733495152
-0.50956728405007	-0.22131919271874	-0.028144262031576	-3.2125026553488	0.07085059141718	-0.9974869391104	0.41052562434994
-0.49682483819409	-0.18391577419595	-0.16074039238629	-3.2017711549031	0.060142185630556	-0.99818982037866	0.91710105566706
-0.51115425406991	-0.08978499361042	-0.14852358933358	-3.2321027481471	0.090386567551414	-0.99590675688353	2.1009347507866
-0.5255265048653	0.1962591658415	0.40800126916226	-3.2237855465207	0.0821003794865	-0.9966240653768	0.3114062036734
-0.49144426222926	0.1951534069806	0.22354957845612	-3.2041592270284	0.062525761158586	-0.99804335035686	0.78022454163355
-0.48793315422362	0.29362260156949	0.38645417557017	-3.160691217841	0.019097403222442	-0.9998176279653	-1.0017157541019
-0.45919907200172	0.12301289744599	-0.15970986664562	-3.1670601627495	0.025464756236608	-0.99967572051631	1.298698399917
-0.43290769605425	0.31229720585112	0.40307703987713	-3.1384709116818	-0.0031217368375926	-0.99999512736769	-1.3275005588623
-0.41794426935846	0.10993939607702	-0.20671378650528	-3.1330094030335	-0.0085831451655474	-0.99996316413109	0.65478403565113
-0.39928259772815	0.22052425063034	0.1182082047255	-3.1713167046119	0.029719674253805	-0.99955827291972	1.0008099019772
-0.270700386549	0.15748852250871	-0.1394274804346	-0.02735639532636	-0.027352983325655	0.99962583715268	9.0947537279063
-0.17714758808911	1.5022445417656	-3.7919542427235	-0.27143285375231	-0.26811210515243	0.96338772001242	-0.80937760862194
-0.046733559635537	1.1276271568779	-1.5882950234366	-0.52932305046292	-0.50494914856946	0.86314909335466	-6.502876592965
0.01295586851971	-0.010558061888854	2.8770731094681	-0.45660031257336	-0.44089924887839	0.89755660118929	-2.3738177983376
-0.03705821706499	-0.59823650226078	5.3088590319726	-0.055227650843035	-0.055199580208562	0.99847534087968	-0.19069820892542
-0.06689408612561	-0.43247376305714	4.1732006707105	0.44052252350338	0.42641216090595	0.90452897633604	0.7481223365265
-0.094721101627658	-0.011376106359794	1.4938032331779	0.74722614012083	0.67960653786425	0.73357682194312	-6.9498386478848
-0.14068385914459	-0.6164364165677	0.62973999933215	0.84278339280755	0.74649804432494	0.66538760870567	-3.7907199087431
-0.20289155881122	-0.84563794551819	-1.1307960825042	0.8115248345293	0.72533770295392	0.68839321370386	4.8621572810568
-0.25902901227166	0.12482798137402	-5.2474379961464	0.51005261513089	0.48822316577367	0.87271882092799	9.9930589338228
-0.13819403278341	1.7622920170607	-10.382735802948	-0.33949263170839	-0.33300872541373	0.94292374495413	8.052568864485
0.015293498255978	1.6455039008819	-8.0999601158928	-1.2467301134063	-0.9479484794851	0.31842374321317	-4.8168598871738
0.14069610307225	0.61346894184265	-5.2260321125229	-1.9142859060054	-0.94158519823364	-0.33677487208418	-4.5294331765501
0.16757699704181	0.054737847774983	-3.6297969190336	-2.3558762776098	-0.7073317556572	-0.70688173511479	-2.545322583848
0.14318979292594	-0.16243542950244	-2.3952673357893	-2.6414688615026	-0.47953417270748	-0.87752320607819	-2.473776475785
0.15625602894787	-0.33552193709326	-1.8127393201876	-2.8651832036171	-0.27290315695483	-0.96204150997973	1.1252877518717
0.10857237173759	-0.044989172636413	-0.26198417457776	-2.9435199982513	-0.19678003688365	-0.98044766157305	-3.6896283135448
0.097169430024467	-0.53261978725951	-1.1658065924706	-3.0044197005578	-0.13674317361584	-0.99060653362951	-0.34499296403598
0.028297372004601	-0.53327248673393	-0.96099407366615	-3.105430180178	-0.036154592168491	-0.99934620901124	0.67987624322775
0.016130349982618	-0.41344097310483	-0.68579980409387	-3.1914032756563	0.049790027115236	-0.99875970743711	2.4051283375311
-0.032127191983138	-0.086875831055277	0.12818683390196	-3.2294437989792	0.08773818571237	-0.99614356935529	0.72627583343324
-0.06025095112103	-0.019028162394752	0.10521086319664	-3.2228109269545	0.081129011333178	-0.99670360866212	0.66621414599264
-0.028503800856936	0.063270293201971	0.13306600972817	-3.1922381415577	0.050623840089932	-0.9987177913778	0.60585249584042
-0.021382672508547	0.11507614676552	0.19065269568312	-3.1948334639837	0.0532156613679	-0.99858304280875	0.8108541754581
-0.0028043326710164	0.22755273513221	0.41616395133749	-3.1409557469869	-0.00063690655985186	-0.999999797175	-0.84219536073759
0.024427117614687	0.079909970970637	-0.0008358095960392	-3.1400273361332	-0.0015653168173274	-0.99999877489088	0.61175648634249
0.013114581379066	0.20082475810942	0.30515185346342	-3.1427736273203	0.0011809734559712	-0.9999993026506	-0.21893130698838
0.055706289689036	0.20245438495212	0.39034730219832	-3.0877615252742	-0.053805133528013	-0.99855145466122	-1.6033060513723
0.049663651436869	-0.032478197657094	-0.073926877121802	-3.0547880893699	-0.086695592749653	-0.99623484891756	-1.9241312389942
0.048485390554973	-0.32064048909673	-0.71382926266657	-3.1219635281875	-0.019627864901161	-0.99980735490364	1.5727616554153
0.0063160007583483	-0.038776295664274	0.10051836633027	-3.1375783002616	-0.0040143425463347	-0.9999919424945	-0.93527220065602
-0.0078736693859589	-0.19602502175431	-0.33813293684027	-3.1639514689022	0.022356952435097	-0.99975005210193	0.8212709195319
-0.020504864480448	-0.078613641377724	-0.024954909032864	-3.1781389895548	0.036538201082736	-0.99933225699046	0.22238791629382
-0.0057500841490334	-0.064770946733829	-0.070234629864671	-3.18571834957	0.044111378019228	-0.99902661942976	0.95602807910527
-0.019450431933412	0.094282821006766	0.20300730712372	-3.1520091011992	0.010416259242233	-0.99994574930013	-0.56119742648442
-0.013153466378898	-0.0097338732604341	-0.16585478368978	-3.1653805076719	0.023785610705138	-0.99971708234049	1.0809033611878
0.008789555318991	0.13565369663331	0.22174567435292	-3.1528383115169	0.01124542089858	-0.99993676825528	0.012394669403989
0.0096630194917937	0.14259941405491	0.1548417670592	-3.1354992603425	-0.0060933555400156	-0.99998143533681	-0.10967047503352
-0.0062073688163386	0.089490398907268	0.10370531748034	-3.1263255818173	-0.015266478695654	-0.99988346052339	-0.68063445181429
0.025885908752245	0.011523438458562	-0.14506446831039	-3.1320391460195	-0.0095533622469735	-0.99995436559364	0.6958463285475
-0.048481956909906	0.099262947766399	-0.086060978368706	0.12462200883652	0.12429968253692	0.99224472229447	9.2868262556106
0.031005775317762	1.5960200930888	-4.605834237103	-0.11867605576358	-0.11839767948415	0.992966257983	-7.3926196976383
0.12641179481762	0.28544872020119	0.020527367979625	-0.36759285944531	-0.35937014351013	0.93319510283408	-6.7773489026674
0.08987230135508	-0.95030435913077	4.3086208191602	-0.13903656943766	-0.1385890456759	0.99034997673481	-3.2710107351896
-0.0073707423190523	-1.3119495884743	5.1601386542689	0.35593423784668	0.34846619825653	0.93732134760318	-1.5946625042268
-0.14402084707945	-1.1397543035713	3.1019986863687	0.76849718452261	0.6950555656731	0.71895602134404	1.5711204215924
-0.24295941566917	-0.68903903733876	-0.027081271830397	0.93190050749694	0.80275468046845	0.59630941883052	3.0722910654303
-0.30648801200665	-0.071255366095818	-3.4880850099033	0.76156189757431	0.69005272393715	0.72375910231714	9.4908465913502
-0.18886421542699	1.7432601746286	-9.5999453425379	0.12276918306074	0.1224610136334	0.99247332464902	9.5038906099834
0.019386762509262	2.2116986825267	-9.903407494723	-0.94764051823729	-0.81204077121785	0.58360070757319	-4.6743313372056
0.16266740165901	0.89066644142698	-6.103421873146	-1.7141645150176	-0.98974037278363	-0.14287755065834	-8.5653759444594
0.19991687555133	-0.23600803158808	-4.7598780958113	-2.2211085781732	-0.79589478945336	-0.60543495449222	-3.2222082788649
0.15051980305945	-0.59490376725382	-3.789355793634	-2.6552393680231	-0.46740515002042	-0.88404322616849	4.5066519052856
0.12786751881114	0.22134735288655	-0.49935889211152	-2.8796251226347	-0.25898145525988	-0.96588229398383	-2.4564705963392
0.12788818008518	-0.033019803618253	-0.5049836846098	-2.9117507482751	-0.2278235892045	-0.97370242487219	-2.8382105455787
0.12745411463398	-0.36553925194986	-0.91630811105526	-2.9922615844369	-0.14877667961372	-0.9888708204832	-0.4301318174006
0.083791444822062	-0.37657381881096	-0.59142190808197	-3.0444023989824	-0.097037317880675	-0.99528074377963	-1.02172626635
0.059845454758537	-0.48674511721332	-0.81987625503682	-3.1356650563073	-0.0059275625701421	-0.99998243184667	1.3950952717074
0.0043155966551498	-0.28244057912981	-0.2471624945787	-3.1799517686157	0.038349708645583	-0.99926437935453	0.5403260120148
-0.0095964152295701	-0.23273638964742	-0.22275017037435	-3.2083009003197	0.06665878256309	-0.99777582988726	1.1943845319928
-0.033692616446464	-0.06249372394676	0.0266568373768	-3.2091347072585	0.067490711705263	-0.99771990249444	0.79879213338287
-0.043146516770531	0.028286192113188	0.071251948018783	-3.1997629466527	0.058137492671481	-0.99830858553148	0.73225338276747
-0.037855136358196	0.096726780331768	0.12966463143462	-3.2056059491044	0.063969586569336	-0.99795184853486	0.98489443957091
0.0059196184906692	0.23088080781211	0.33864442029673	-3.1804756736127	0.038873222960249	-0.99924415061419	0.55100647964431
0.0084269376825925	0.31915973843756	0.52844607657295	-3.1541022531921	0.012509273333528	-0.99992175597927	-0.37406449661174
0.049509983374588	0.24980138366995	0.46743497328276	-3.0856011813773	-0.055962220834262	-0.99843288699807	-1.7152087679763
0.063321643998367	0.0074702803732985	-0.032674600053342	-3.0773668050118	-0.064181702845235	-0.99793822906024	-0.95075040899099
0.044200745451535	-0.066540670511521	-0.14482281788588	-3.0773737301421	-0.064174791991394	-0.99793867350297	-0.98424106697103
0.026391928684458	-0.20871604238685	-0.3240112022969	-3.0919653300776	-0.049606955069289	-0.99876881709871	-0.68461865103322
-0.001792169409326	-0.29455721496532	-0.52124839322139	-3.1533695136772	0.011776587858489	-0.99993065358474	0.96046366004558
-0.026060794137987	-0.1464960733503	-0.12764980602362	-3.1757163719465	0.034117096305837	-0.9994178424161	0.32827036114275
-0.012544710878171	-0.11402977394744	-0.13177819001052	-3.1955727769374	0.053953912136144	-0.99854342687998	1.0574647323805
-0.040727119414845	0.027417093164414	0.17249829565288	-3.1767474183	0.035147524111169	-0.99938213489578	-0.17111010034576
-0.033556913581884	-0.029223152960186	-0.095318004008228	-3.1883250719864	0.046715410285112	-0.99890823925018	0.96057444479455
-0.023278211026137	0.11744944464756	0.23693019601093	-3.176082057887	0.034482567070154	-0.99940529944975	0.10161075633808
-0.0074142350608545	0.10718893213453	0.17399277070736	-3.1328387443545	-0.0087537974323986	-0.99996168478123	-0.58101645324747
0.0039058632922408	0.015312867143582	-0.10639989170292	-3.1519587605873	0.010365921348158	-0.99994627239397	0.68657840785486
0.0024805795665099	0.12258859131121	0.19497059116668	-3.1325037267049	-0.0090888017481578	-0.99995869598838	-0.52093873576227
0.0067637272962425	0.047953620073488	-0.039068664781173	-3.1259458903153	-0.015646124839037	-0.99987759189689	-0.032916553983994
-0.0066407859102396	0.032721289920442	-0.026199564608107	-3.131625715192	-0.0099667733795928	-0.99995033048067	-0.13348102749797
0.20801211814161	0.13752694117999	0.041068184881298	-0.12104653109652	-0.12075114665354	0.99268280965364	2.3298072583617
0.2437190378289	0.41221309151863	-0.4481542441972	-0.11749526088182	-0.11722510774188	0.99310536908976	0.59015328170242
0.29165521042819	0.40192723551711	0.036018511545371	-0.17970894426018	-0.17874321249289	0.98389575869994	-5.0369743515585
0.26779848831647	-0.46681742246156	2.956361943552	-0.00036496835945691	-0.00036496835135449	0.99999993339905	-6.0715533015547
0.18626313328999	-1.2402114958954	4.6974087880646	0.395714885052	0.3854679268688	0.92272123491088	-1.6571171859229
0.068360464208987	-1.0662879001542	2.6883503507142	0.76037882985201	0.6891959851884	0.7245749747267	2.6387512270754
-0.0091382511028836	-0.51342470653405	-0.65896842498457	0.88486682644845	0.77383064285549	0.63339256087979	6.6327796399514
0.0111653552125	0.61375513544574	-5.1687281215079	0.59600533971551	0.56134104167942	0.82758457871463	5.6833480022752
0.10912538664968	1.7617625221811	-9.0964278046105	-0.14441129035409	-0.14390987303368	0.98959079848361	9.9894847932885
0.3205635085294	2.1228742917671	-8.4344704302053	-1.0648981535306	-0.87473957856842	0.48459330338538	-6.4588002295429
0.45100545000845	0.86691158312576	-4.9105450374262	-1.7398238069756	-0.98574883399073	-0.16822376849278	-9.9998036802846
0.47773851830283	-0.25955887096722	-3.3576976326082	-2.1151563198972	-0.85545890677783	-0.5178706970031	-9.9740891792659
0.40873345370215	-1.3416354177709	-3.2670095347032	-2.4511385542101	-0.63688733891793	-0.7709568843496	-6.930112472705
0.25784700004757	-2.1592571987182	-3.9064245481436	-2.7898732139065	-0.34451249449551	-0.93878173242585	-0.89946463371443
0.0081620914723195	-2.2084563810205	-3.6091193875075	-3.1603026159439	0.018708870763202	-0.99982497376029	1.7519923568581
-0.20189172619555	-1.9801329822645	-3.4044198888097	-3.4935405313727	0.34472693901955	-0.93870300815232	4.417415574208
-0.35083373930235	-1.4559524250976	-3.479089280251	-3.8231846162423	0.63003009343436	-0.77657071884478	7.7678245206002
-0.45724369376758	-0.58810857795314	-4.0094595439411	-4.186167448611	0.86471104857253	-0.5022696511602	9.5298526678578
-0.45147676205903	0.58624415115483	-5.7547728396162	-4.6472108522433	0.99787665766221	-0.065131989781513	5.5814896047946
-0.34390712883066	1.957619026865	-9.8508127585269	-5.4318605348545	0.75215407303463	0.6589872915447	-5.4844087731128
-0.13305201872624	1.8664508044098	-10.311362430735	-6.485598436571	-0.20103377751958	0.97958430994795	9.9990834481312
0.07304009964037	1.9748786127961	-8.7976436545674	-7.5029602870515	-0.93902200533466	0.34385705387163	-8.6012058825968
0.20242397283403	0.4475238263674	-5.8491613704673	-8.1929718990154	-0.94309091844682	-0.33253498995313	-7.4039374375405
0.17735008879482	-0.51589785188972	-5.1693213664167	-8.7105313604545	-0.65504834367297	-0.75558696882046	2.7817569886751
0.15114762640605	-0.058124373640335	-2.5624285934534	-9.1251371693385	-0.29517702254984	-0.95544258087999	7.7574307921256
0.23012479903034	1.2703471973543	2.0105305220058	-9.1434502249718	-0.27763143230689	-0.96068766401741	-7.200360862254
0.28952421127976	0.3550571956687	0.43169407055067	-9.0263145610392	-0.38800258055814	-0.92165828672031	-8.2610044278504
0.28668277256984	-0.6763096139804	-1.2921665752475	-9.0848079871398	-0.33345878448967	-0.94276467851032	-3.9905657834685
0.1897939650223	-1.1239003122507	-1.8000948188222	-9.2214121976383	-0.2019668712227	-0.9793923539259	-1.207356798473
0.065210329365322	-1.2573163917963	-1.7978445429133	-9.3928248020198	-0.03194772164144	-0.9994895412569	0.75096206424597
-0.052502913982017	-1.1497708022105	-1.6161880092499	-9.5445221344524	0.11945821679748	-0.9928392288984	2.5651419618434
-0.14771152921775	-0.83856016744891	-1.31397100608	-9.6934100597633	0.26541284437355	-0.96413485677137	5.1211191106734
-0.21331022194796	-0.20444764235701	-0.49718833825118	-9.7833652005597	0.35095168437157	-0.93639356855798	6.9022713645695
-0.16545093204679	0.62635656118733	0.81855951384504	-9.7597689779895	0.32876068643075	-0.94441326285561	6.8517186221154
-0.081559788877507	1.5274608329584	2.6065589744181	-9.6075360148456	0.18174238316665	-0.98334617819001	1.3268089504249
0.073046892658292	1.6858759526602	2.9674870286076	-9.351101462337	-0.073609861068475	-0.99728711430234	-4.4624014454517
0.21527360259126	1.0489597537615	1.7613623465661	-9.1025218673137	-0.31670732204907	-0.94852331134269	-8.4179624746791
0.27093160026552	-0.018448755539539	-0.21812691513154	-9.0287754536867	-0.38573330587629	-0.9226103276778	-7.5889278810023
0.22812411755365	-0.96660023168239	-1.9449631203638	-9.1417913567692	-0.27922470379537	-0.96022578844269	-1.269922236051
0.10897699064144	-1.0618174019373	-1.5975369802686	-9.3068961396649	-0.11760899400652	-0.99305998032786	-0.51729788734865
0.043456293684984	-0.093999889547875	0.028476421611256	0.028370683689485	0.028366877935798	0.99959757914682	8.3611998815685
0.10125701987675	1.2084464867384	-3.7282256863736	-0.1679589597929	-0.1671703799333	0.98592802175055	-9.936319645348
0.13417027534785	-0.49298595175681	1.9345932930977	-0.28654957606184	-0.282644181869	0.9592248258128	-9.8860947860702
0.0091944573656269	-2.0765032597443	6.8140289677108	0.20156668139999	0.20020453842924	0.9797541236414	3.8156963841156
-0.16364471438958	-1.1108698114329	2.9667447258158	0.70118772857742	0.64512565754853	0.76407649222612	2.3492389706733
-0.23664115217706	-0.57110678836789	-0.26243886818835	0.83318092123618	0.74007436083921	0.6725250481792	6.6997320409881
-0.25146265526303	0.59284562918097	-4.8218524000888	0.56006027052923	0.53123726147001	0.84722309460133	6.869331063508
-0.11960753222144	1.8813295127977	-9.2153631278754	-0.15003436029404	-0.14947210685035	0.98876594261418	9.9648471093843
0.085538278558405	2.2154757315828	-8.4744421742399	-1.0827007199999	-0.88322751482817	0.46894472707393	-4.4697714191239
0.27413836623723	1.1409284867832	-5.0582719823823	-1.751660868945	-0.98368854651641	-0.17988008075504	-9.9966351225837
0.31786307676496	-0.027857090515246	-3.6956806222242	-2.169547274597	-0.82604023883281	-0.56361114594109	-9.8680776298742
0.25062457572603	-1.1383683943246	-4.0191851548968	-2.55640618076	-0.55235483738067	-0.83360910121122	-0.16134752470055
0.14940355013714	-1.03360607153	-2.4870611742752	-2.8601120857765	-0.27777825289604	-0.96064522182647	0.71292104620541
0.045886278924066	-0.82256981387221	-1.3303959697584	-3.0503591353502	-0.091107006370319	-0.99584110850589	-0.91734879929773
-0.028427596233543	-0.92398159783858	-1.6142982217383	-3.1937868504853	0.052170501920641	-0.9986381921043	3.2020661061891
-0.076275090311982	-0.47450289644144	-0.5751770941268	-3.2881529617615	0.14603618734717	-0.98927924873875	2.8078437288703
-0.12313033832815	-0.13312637787716	-0.044614691872012	-3.31641809297	0.17393624046683	-0.98475691632619	2.6839050011564
-0.10751425503044	0.20364194919591	0.38153176830041	-3.2991521873203	0.15690843968098	-0.98761315379904	2.9928745578548
-0.10103885228455	0.57425585652159	1.1363221274316	-3.2463163357602	0.10453236880484	-0.99452148487202	-0.30355169949106
-0.030642052271295	0.50488708970432	0.76468183750637	-3.1598341305295	0.018240465310176	-0.99983362887296	-0.31356433139039
0.019707736205679	0.47616600978452	0.76029894958444	-3.0658710328763	-0.0756492798074	-0.9971344876518	-3.3382207229856
0.045158175740947	-0.015077470138564	-0.44846479828862	-3.0633026940236	-0.078210006732917	-0.99693690615146	1.3348541371771
0.058490225916634	0.22138360118347	0.56451080186835	-3.0554388360785	-0.086047277889926	-0.99629105484679	-3.950956773872
0.037686533849072	-0.34296144301424	-0.89891965351614	-3.0760085645441	-0.065537083313666	-0.99785013439431	1.575600525553
0.034237750785317	-0.07636170042522	0.071769122129174	-3.1056504565324	-0.035934458953471	-0.99935414876795	-2.0431885266554
2.5646801703519e-05	-0.38380961147899	-0.80604686564173	-3.1147066206149	-0.026882793957845	-0.99963859238678	1.025138759583
-0.028896013226939	-0.20916188462631	-0.46516191498252	-3.2020336352574	0.060404188773467	-0.99817399985104	2.8431514464269
-0.039908437664174	0.18096317221257	0.53553842928798	-3.2253552084665	0.083664640572803	-0.99649396782812	0.43546219442956
-0.0080365961760348	0.23790609933791	0.54145304007589	-3.1435782529142	0.0019855980196873	-0.99999802869831	-1.654172608197
0.00021604016582415	-0.050301871058463	-0.25537081340275	-3.1370855625849	-0.0045070757455085	-0.99998984308253	1.2327484774833
0.0046935760691853	0.15483704508948	0.31879862217998	-3.1412973285045	-0.00029532508098231	-0.99999995639155	-0.67072926978221
0.014915611094888	0.07350004649641	0.090197404233713	-3.1153244012865	-0.026265231466259	-0.99965500929872	-0.64956989391927
0.016429355084557	-0.033948966330634	-0.11151788662929	-3.1099924971051	-0.031594897586465	-0.99950075660126	-0.43955210572665
-0.0063844968355451	-0.08323577626708	-0.2321094586118	-3.1237877747412	-0.017803938131758	-0.99984149733195	-0.01641820392651
0.011901184269394	-0.082359626191075	-0.2475096665233	-3.1770718478833	0.035471751385342	-0.99937067940462	2.6132235622906
0.010646663511662	0.32881237309263	0.97877226075587	-3.1086443234952	-0.032942369008439	-0.99945725287484	-4.4839423008081
-0.00011323122972146	-0.36984040563405	-0.98278139378376	-3.1148128674384	-0.026776585381238	-0.99964144295608	2.5438555428373
-0.014612090361792	0.029067689826175	0.21179172685785	-3.15263645255	0.011043574467882	-0.99993901787208	-1.2520007772172
-0.023108465199	-0.16281200947357	-0.44619012311337	-3.1650203348936	0.023425538291014	-0.99972558442593	2.0028285057101
-0.035590959883751	0.12400774957701	0.32445438672053	-3.173687347603	0.032089184336668	-0.9994850095167	-0.73147896796969
-0.15234837773275	0.024132325075318	0.16014249160385	0.12134653482263	0.12104894975688	0.99264653918842	7.7724733442257
-0.071818832550059	1.2904563680141	-3.8008202739637	-0.053505812164126	-0.053480285770336	0.99856890550123	-9.9999347723799
-0.028919072932749	-0.37367857461411	1.6685078073855	-0.16658968332482	-0.1658202156004	0.98615599987945	-8.8868191552988
-0.13656318772817	-1.7512767542257	5.8129453567719	0.21963932344703	0.21787762556594	0.97597609616104	-0.18567219591493
-0.28249580998655	-1.3978799947466	3.5079515376101	0.70509043952388	0.6481027066714	0.76155294077641	5.7768635688049
-0.37533630666925	-0.43409017630192	-0.67302226645073	0.84162493192311	0.74572671806774	0.66625195081134	9.4239213377647
-0.36145075101267	1.1220614023163	-6.1140590159374	0.49107211596239	0.47157158065545	0.88182778608871	9.9228995209999
-0.14596024915057	2.6801316604246	-10.862443871657	-0.39448732121577	-0.38433493750111	0.92319372604888	4.181912363376
0.098254649209125	2.0491363624269	-7.4819393675502	-1.3097111974838	-0.96611044358234	0.25812905842067	-7.8037823228264
0.21539495519949	0.82259428408939	-4.7299779300558	-1.8806402640142	-0.95238116658727	-0.30491000890406	-8.9357176544662
0.25660831880923	-0.19050751945569	-3.8043126300572	-2.2963658169246	-0.74812165152101	-0.66356159813953	-4.9696972048488
0.22588678839246	-0.74525770747263	-3.3757289780672	-2.6529921253526	-0.46939062778791	-0.88299062200279	1.7456092148617
0.16049276439523	-0.34027698093058	-1.2574422652422	-2.8988895928855	-0.24032734034921	-0.97069190244932	0.30338842434141
0.12526975795126	-0.1521399746812	-0.16464688528729	-2.9686699775424	-0.17206216737673	-0.98508609296732	-4.4353970465201
0.087426613887908	-0.76790601394014	-1.5810838292895	-3.0500535557047	-0.091411310884739	-0.99581322156433	2.3043873077597
0.033359728642617	-0.36542910239011	-0.28596431234034	-3.1448224281295	0.0032297689244935	-0.99999478428275	-0.76962577731663
-0.032992244059797	-0.51636620345017	-0.70153132621526	-3.183780156192	0.042174989599089	-0.9991102392891	0.52682951647341
-0.06882390693871	-0.45374385384096	-0.78785702149972	-3.2746015426794	0.13261705106628	-0.99116735103941	4.6404992096369
-0.084698086623101	0.19069868554974	0.7846368190449	-3.2567985308137	0.11495120332083	-0.99337113953199	-1.5702132154162
-0.070106055885108	-0.11425296452012	-0.42222536623077	-3.2392268943573	0.097479199177722	-0.99523756245817	4.3119063365423
-0.048478267002666	0.5316942284827	1.182955094338	-3.1831243029249	0.041519710860824	-0.99913768501145	-2.9051473510654
-0.047589910000298	0.030453630687509	-0.37978423472066	-3.1756623660507	0.03406312180028	-0.99941968348298	3.6078105299134
0.010477645383516	0.60212857671837	1.2443907356946	-3.1444749030063	0.0028822454258161	-0.99999584632203	-1.9008329340415
0.047534048852907	0.32478629758041	0.6155634663268	-3.0507579694261	-0.09070982376643	-0.99587736588009	-3.9285242382378
0.083626536814864	-0.24068805097213	-0.69992376975594	-3.0349403937092	-0.10645018518439	-0.99431803668354	0.73104288908487
0.02254765926458	-0.068581845879308	0.023767553134987	-3.0523913765327	-0.089083030315296	-0.99602420337552	-4.7149470396124
-0.0048846806328553	-0.80894710689675	-2.0554862008893	-3.16913238066	0.02753624601288	-0.99962080568359	6.0644290378894
-0.023856263601184	0.11191575161569	0.39933116455673	-3.2568355526056	0.11498797962164	-0.99336688315171	3.0977266786954
0.0035227085022582	0.56118374053002	1.5005111793443	-3.169638989146	0.028042658840502	-0.99960672731087	-2.9379618579307
0.040687068123381	0.1075690624781	0.23214222485912	-3.0698707316695	-0.071660447731857	-0.99742908531427	-2.8204080729846
-0.0016999616886266	-0.3033386507527	-0.82853406389987	-3.107275574863	-0.034310343470793	-0.99941122683854	1.6745212297723
0.0034992691218572	-0.014682251391526	-0.0052091851100837	-3.12485288332	-0.016738988477938	-0.99985989331743	-0.93201596678686
-0.0056692616788701	-0.18870406092315	-0.49254153811623	-3.1798022513659	0.038200300955673	-0.999270102128	3.387799471296
-0.0059470086234663	0.33354069383766	0.99025667016397	-3.1554499242352	0.013856827161694	-0.9999039895615	-3.4489257713204
0.010188504942244	-0.21051698347142	-0.60126438725954	-3.1274174001348	-0.014174778735653	-0.99989953277707	2.1651362818174
-0.017184928954207	0.14369068081074	0.47174385386983	-3.1348491880812	-0.0067434143996182	-0.99997726292263	-3.33859246459
-0.025885781457179	-0.38589034427652	-1.0897253033273	-3.1623118570733	0.020717721106782	-0.99978536498198	4.2796839437162
-0.011974249193803	0.27642974864321	0.72316474752276	-3.1916933547498	0.050079744326895	-0.99874522237063	-0.43243031013316
-0.0081008783137556	0.18646925604285	0.49543476224784	-3.1137411352462	-0.027847917713283	-0.99961217153406	-3.7258442716685
-0.015236956667324	-0.3917802405499	-1.2252372060484	-3.1407656866499	-0.00082696684565224	-0.99999965806286	4.5842865829811
0.13594101839432	-0.068401220882607	0.034057985493374	0.050157600081984	0.050136571772261	0.99874237127045	3.5440080631753
0.14734981639272	0.50831210913807	-1.7559297873624	-0.02542864444294	-0.025425904103657	0.99967670944186	-9.9347615030889
0.14575192861719	-1.1018836366189	3.1650036392872	0.033805704015203	0.033799265378995	0.99942864160471	-8.4993167486184
-0.036350623110698	-2.1477393220331	5.4677718271694	0.52079884030843	0.49757322817017	0.86742197493971	9.8582942812501
-0.15225896893669	-0.53866182250009	-0.16847336852328	0.75365214201569	0.68430643985134	0.72919455317356	5.6220647585293
-0.16578258220814	0.49899051849403	-4.3815401793973	0.52873301140761	0.50443976902535	0.86344688280499	9.9997818388384
-0.012889719987911	2.2266392368791	-9.9108579027953	-0.2027392469736	-0.20135322649037	0.97951869720895	8.6571813818049
0.20051196943066	2.2618702768218	-8.3021889228729	-1.1453717435244	-0.91086358633638	0.41270755637186	-7.8864396525133
0.36237852639593	0.89667721745748	-5.0542110789906	-1.8111563896612	-0.97125232400019	-0.23805235374644	-9.8939063595878
0.40176981070313	-0.24528222750139	-3.8980963677782	-2.2197499429846	-0.79671661986706	-0.60435306537454	-8.1914000928048
0.31768496342894	-1.2211367200926	-4.1305264229872	-2.613088406481	-0.5042422300069	-0.86356225802062	1.8717773649284
0.22555534676872	-0.80920671392307	-2.0175707535333	-2.9094979006983	-0.23001661235853	-0.97318670255974	2.2335750054779
0.16728847334677	-0.37720628300837	-0.27257472088012	-3.0371206499071	-0.1042820658335	-0.99454776192272	-1.5041237663879
0.12539008501069	-0.5744662209615	-0.56756513091755	-3.0734669154899	-0.068073053749363	-0.99768033926365	-1.1933501845786
0.044795285380757	-0.72400162960945	-0.96554495105286	-3.1714664669793	0.029869370133199	-0.99955381082153	1.7213120879632
0.00014147282278926	-0.44588406140912	-0.3332080226377	-3.203642948858	0.062010484853667	-0.99807549803019	0.20791858664333
-0.045447937589241	-0.46077717310949	-0.67758027500438	-3.273724619238	0.13174782230231	-0.99128326492411	4.0544294304187
-0.071193037345976	0.097318272362741	0.61811215421027	-3.2681876010704	0.12625707730653	-0.99199755565728	-0.28737869948918
-0.06521716776572	0.0021252634097558	-0.02786248416183	-3.2472282886886	0.10543928199196	-0.99442574273448	2.9732900910998
-0.046292238703358	0.40994329564294	0.99066395969933	-3.202566632088	0.060936203746566	-0.99814166282796	-1.846797516239
-0.031210957468689	0.090983291736757	0.00052328140596013	-3.1455370531127	0.0039443892948889	-0.99999222086629	0.2270178784935
-0.010276505842739	0.12917721983999	0.10203450829349	-3.1313863388465	-0.010206137547533	-0.99994791602181	-0.13341879994888
0.014137626372473	0.11899232996579	0.091029321749959	-3.1261920505132	-0.015399994301585	-0.99988141305632	0.42776932403547
0.0085387024048268	0.2017571720308	0.38312564128318	-3.0877749233999	-0.053791754805281	-0.99855217545953	-3.0766238398118
0.0075806728267402	-0.28538963565847	-0.91149311575844	-3.1391732321574	-0.0024194190719638	-0.99999707320139	3.8388786262203
0.01154526770245	0.34973113101977	0.89820955780574	-3.1365302168829	-0.005062415083364	-0.99998718589466	-2.8906172514494
0.020723534645334	-0.12275464131699	-0.32167703267883	-3.1018546552353	-0.039727540744948	-0.99921054963724	-0.089578086810822
0.0083605504598795	-0.12501406529816	-0.25893037996257	-3.1239282294072	-0.01766350555297	-0.99984398811594	-0.017882045812024
0.001425081868726	-0.093048499505778	-0.28477748784121	-3.1546643658846	0.013071340038143	-0.99991456638535	1.7906822843147
-0.0035957666299586	0.14935173482772	0.48998675881427	-3.156494054528	0.014900849463929	-0.99988897617948	-1.6818759817504
0.0025195772913764	-0.10588974621504	-0.30294727203041	-3.1320979060804	-0.0094946048510746	-0.99995492522349	0.78259157599685
0.019082081339644	0.027312452242521	0.058317102315486	-3.1600188926077	0.018425196336912	-0.99983024166103	1.3219383267683
0.006324959360814	0.23550021314593	0.71374270756147	-3.096127867539	-0.045449124696295	-0.99896665463084	-4.8290235087536
-0.004516325653635	-0.51272310049091	-1.4704306888973	-3.1561063860769	0.014513222943358	-0.9998946776335	5.3130846035017
-0.003908767223034	0.30332140694284	0.8555390318639	-3.199557529324	0.057932421563426	-0.99832050691739	-0.58447348213248
0.012785154049317	0.21085058430486	0.57865005804542	-3.1206114676743	-0.020979646594213	-0.99977990299304	-2.7909008489455
0.015222947620527	-0.22073460659023	-0.57632267053225	-3.1144047372263	-0.027184567013959	-0.99963043136764	1.2196243132075
0.0051765981031231	0.00066782373937635	0.077938474755258	-3.1318389507128	-0.0097535482250588	-0.9999524330172	-1.0132305328894
-0.004140121807194	-0.17220744133971	-0.38118910548897	-3.1652853556841	0.023690485529971	-0.99971934106296	1.8940684406854
-0.029325595086973	0.1213603041472	0.45583502157606	-3.1449837441537	0.0033910840646223	-0.9999942502579	-3.2133928981194
-0.076009291069191	-0.088695970966569	0.045703160636237	-0.013923887802715	-0.01392343789226	0.99990306424036	4.1820108415031
-0.051966894146033	0.53127467790176	-1.7085360986231	-0.10512438288053	-0.10493086586745	0.99447951883802	-9.9768747986705
-0.088596314171001	-1.1053942088933	3.4889234616452	-0.030386793838694	-0.03038211774357	0.99953835690353	-8.4321448214142
-0.2671804179243	-2.150149393677	5.9127277887592	0.48596661118622	0.4670632782196	0.88422389367103	9.6121611233944
-0.38875380611096	-0.56643153090516	0.31844234980277	0.78362863891862	0.70585443202902	0.70835691623996	8.176942229898
-0.38402335959994	0.77058276073801	-4.5978000536988	0.582364625175	0.55000032346446	0.835164441406	9.8839654047492
-0.23085657082313	2.5234300659454	-10.246170927209	-0.18761722640909	-0.18651846729975	0.98245145496159	8.2353422421132
0.039785021004152	2.4866724142218	-8.5018905675703	-1.1613740875484	-0.91735097055857	0.39807938506692	-9.4497284834342
0.20709190596137	0.94796433631035	-5.2182615169954	-1.8059731754907	-0.97247314814664	-0.23301496976326	-9.9230782325745
0.24245855704632	-0.23551945222328	-4.2669234894947	-2.2562864248836	-0.77410888226441	-0.63305247681322	-5.2358283205198
0.1806910632492	-0.84191267908016	-3.8573963378105	-2.6624409590396	-0.46102656685153	-0.88738633337295	4.3956020750043
0.14588480729088	-0.050567844096946	-0.62593801360378	-2.8867761546572	-0.25206783714084	-0.96770956669816	-2.6020319174849
0.10513964819891	-0.34103031721567	-0.83592173375466	-2.9738277929837	-0.16697900895822	-0.98596045081298	-1.6447922581036
0.093426880653691	-0.51780676753004	-0.97213007399296	-3.0325783020707	-0.10879855635284	-0.99406381793904	-0.34046402771613
0.027936325149399	-0.53998953932897	-0.89124566181553	-3.1263892406052	-0.015202827295658	-0.99988443034294	0.78499271021181
0.0028780256073016	-0.41317273751625	-0.63894683172608	-3.2278896238158	0.086189898776865	-0.99627872673707	3.9649384103826
-0.025025008771173	0.16937177693448	0.90037897570068	-3.2020756690489	0.060446145757843	-0.99817145995216	-3.1034354817193
-0.056284892278364	-0.34556212226623	-0.79305990744333	-3.1968441541661	0.055223393563465	-0.99847402410044	2.8825618428263
-0.055068448111429	0.088823658508681	0.23553314087467	-3.2196371976174	0.077965340572304	-0.99695607008004	0.59082221444799
-0.057148980820764	0.12607046192643	0.16259212098978	-3.1986732754979	0.057049630301797	-0.99837134358035	0.65332597653143
-0.00066703434163056	0.1810164427159	0.24139637374136	-3.1761418662038	0.034542339757255	-0.999403235318	1.597414232538
0.0051315101234288	0.41869162522445	0.90270482677917	-3.1184640474024	-0.023126544202326	-0.99973254571073	-2.8309285056121
0.016162226119522	-0.021561413358304	-0.29538706822558	-3.1079688179925	-0.033617500315152	-0.99943477209499	1.0694424774601
0.046876401752728	0.19100756096487	0.3947947628227	-3.0999125458268	-0.041668040812669	-0.99913151005002	-1.307192739961
0.047504042360871	0.021443136619386	0.031203457475858	-3.0813181697957	-0.060237994088555	-0.99818404318452	-1.3462306717459
0.04440927782775	-0.16962435713967	-0.28051550087172	-3.0737553192138	-0.067785316197248	-0.99769993029369	-1.6411153672142
0.022651575296193	-0.39369160340255	-0.93553258899443	-3.1405825603318	-0.0010100930862335	-0.99999948985585	3.5531490790791
-0.010623254510473	0.15081960333297	0.68573728667627	-3.1457347964826	0.0041421310480863	-0.99999142133839	-3.7583960666991
-0.018009400308308	-0.43777483462774	-1.1445209365257	-3.1854387512393	0.043832050123492	-0.99903891384769	5.2899664134191
-0.027050913964408	0.36895977849122	1.1158174180965	-3.179517993641	0.037916249170322	-0.99928092048675	-3.2236579737638
-0.018754062787219	-0.14321397407047	-0.44523007253573	-3.1483182566066	0.006725552312872	-0.99997738321728	1.4833098325406
-0.035318924676025	0.080517185187951	0.18397388290901	-3.1473634719529	0.0057707863328305	-0.99998334887392	-1.6926810666786
-0.026895155232162	-0.22043246091212	-0.75329663886478	-3.2001004849901	0.058474456773405	-0.99828890502953	5.0926127171667
0.024254526645722	0.58316510107773	1.4307289566263	-3.1456571783716	0.0040645135905497	-0.99999173983052	-2.5191084340931
0.040038523741558	0.19693584227152	0.3724241577397	-3.0602095993012	-0.081293247972425	-0.99669022661712	-3.0539962041046
0.035194639605952	-0.25527219097514	-0.71868739070269	-3.0973644169564	-0.044213818629236	-0.99902209096807	1.9320168402278
0.025668342175711	0.061264897864133	0.37492461701207	-3.1257741551755	-0.015817838725541	-0.99987489016279	-2.2942075702619
0.026673520841958	-0.25925838871398	-0.5497492571411	-3.1178376108269	-0.023752808655974	-0.99971786223962	1.0244258884297
-0.023718762479484	-0.10437002868904	0.0094125022623833	-3.157932526166	0.016339145484917	-0.99986650725225	-1.7305993635242
-0.037444627702279	-0.37569707108437	-0.85904331841142	-3.1793411240898	0.037739506210212	-0.99928761108652	2.9070117326591
-0.047619298506878	0.0048377880237205	0.016014656541672	-0.069554901009316	-0.069498831480527	0.99758203292904	3.8904179834196
-0.023282897045556	0.56229890918612	-1.3236819409206	-0.17096590138783	-0.17013424769251	0.98542089371096	-9.9986524682545
-0.049775005967995	-1.1093286195876	3.9561708502477	-0.015741539470789	-0.015740889363588	0.99987610452598	-7.5313081058839
-0.19386424223023	-1.9758525967867	5.8168744421196	0.51663684455751	0.49395872249159	0.86948535380102	9.7054733920552
-0.31052268992217	-0.37284296175063	0.27462538799342	0.78871491225671	0.70944818312169	0.704757600502	6.9700871580649
-0.31459270355014	0.76271651840093	-4.2617835512769	0.61667925107814	0.57832927585418	0.81580343753259	9.9958434100575
-0.13320980497302	2.5711206779993	-10.147068322593	-0.12790701585109	-0.12755853687224	0.99183104391374	8.1264588408424
0.13690584430984	2.5564482548186	-8.6288316570113	-1.0893350441546	-0.8863191861058	0.46307483233355	-8.5346477421
0.31274445713783	1.1142846752455	-5.173229272907	-1.7638536899819	-0.98142223615997	-0.19186035122131	-9.9679914928402
0.35465689305253	-0.069340972673133	-3.9768655645809	-2.2154108104831	-0.79933147935966	-0.60089032785085	-7.5514922367779
0.3015200031404	-0.95921184225327	-4.0087075645658	-2.6068703183162	-0.50960215352444	-0.86041016098327	5.4231012704838
0.27669297171099	-0.011940807372039	-0.20829653676489	-2.8257079739219	-0.31065750010247	-0.95052191854269	-3.9697216407507
0.23887687928303	-0.43400966756337	-0.55793717135259	-2.8356074005626	-0.30123280990386	-0.95355062489488	-6.0334039012277
0.16421654074105	-1.2256931482548	-2.1869374581015	-3.0019779191426	-0.13916160818435	-0.99026968387785	1.6410670039444
0.042967978296244	-0.90923540005335	-1.0278807958209	-3.1369319551969	-0.004660681519531	-0.99998913896491	-2.1755031552725
-0.067225119594331	-1.2894293500003	-2.3105268341885	-3.3029324590566	0.1606407557354	-0.98701294196011	6.5427873667912
-0.14444573910506	-0.36429637973422	-0.35569302105523	-3.4217701398426	0.27652621833895	-0.96100637384523	5.606364931952
-0.15602660061091	0.30830571959098	0.87648021451155	-3.3859896319785	0.24197126695011	-0.97028341528162	1.9020469327113
-0.11461417795711	0.49808852319953	0.75475725925695	-3.327795164181	0.18512839149881	-0.98271434235034	3.3241041971118
-0.030071890976559	0.95875245938862	1.7376484055216	-3.1795693900314	0.037967608552504	-0.99927897040857	-1.1998719414744
0.065706554824384	0.77033609166758	1.2325088669004	-3.0575043454299	-0.083989247309737	-0.99646666092566	-1.9326923774046
0.13541373282904	0.53037114400424	0.96707295345132	-2.9440115565485	-0.19629806594607	-0.98054427197645	-4.4766005724474
0.15098226220302	-0.043416083080703	-0.07150922992753	-2.9106423162136	-0.22890273201505	-0.9734492997974	-5.0875099017339
0.11678838548789	-0.71236433021679	-1.4057293390016	-2.9908287706275	-0.15019339418031	-0.98865663622139	-0.44809903576925
0.037299747508653	-0.72932304799266	-1.1088910887516	-3.0879830905025	-0.053583887928074	-0.9985633514978	-1.6492337722008
-0.043947513369348	-0.97251124445963	-1.9749783392981	-3.2551254410049	0.113289044079	-0.99356207279247	7.0383113569408
-0.085620990195453	0.061721040647951	0.63255977237645	-3.3058256535463	0.16349569982929	-0.98654404672946	0.27799063858842
-0.0880140535746	0.00349330119069	0.12922225548793	-3.2632671014735	0.12137444500822	-0.99260679228935	1.2606588871287
-0.085776812980004	0.14300019260635	0.11262116112311	-3.2568210434864	0.11497356673103	-0.99336855142145	2.7877414132645
-0.045522545216243	0.52725431015316	0.92456645977246	-3.2198919567856	0.078219321738725	-0.9969361753426	0.5519696524071
-0.0072322834376272	0.57922296845322	1.075115434901	-3.1162786818908	-0.025311268265417	-0.99967961852725	-2.3305811747451
0.034024541565844	0.24611218101057	0.25719097496243	-3.0542982054638	-0.087183621746404	-0.99619225860231	-1.9506539445303
0.063386565773477	-0.0059548201791061	-0.2539796768727	-3.0448498144924	-0.096592004141495	-0.99532406016128	-0.46696896195158
0.03100255261229	-0.023916753608392	-0.053641169526708	-3.0725410260693	-0.068996766110101	-0.99761688351107	-2.040202092133
0.021015193155797	-0.32869934632861	-0.7672977346947	-3.0960283448951	-0.045548544273711	-0.99896212646654	0.72400127157675
-0.0052558071963291	-0.22463793301847	-0.3725696739326	-3.1588351253279	0.017241617378166	-0.99985135226702	0.69229798945558
0.0018009167183675	-0.10512334533218	-0.21014838927221	-3.1833388059429	0.041734027952774	-0.9991287559223	2.2061423255631
0.006858322725307	0.2070332004573	0.63875913078788	-3.1814745664682	0.039871341243597	-0.99920482191963	-0.42036415822059
0.017046362149508	0.15065527824991	0.43306989396483	-3.10445480151	-0.037129315790068	-0.99931046922814	-2.4558992175742
-0.0034532196455532	-0.24039313564247	-0.58905132129744	-3.1334171225716	-0.0081754399440443	-0.99996658053243	1.243017350407
-0.24246370127157	0.18305991114863	0.08157264679432	0.074504861335547	0.07443595136834	0.99722579646933	3.0558470507184
-0.19584287488217	0.678804318895	-1.6075662412309	-0.0086502182657552	-0.0086501103888889	0.99996258709527	-9.9805206136273
-0.20354477771823	-0.9353217522528	3.1814277011404	0.090986321391771	0.090860834806235	0.99586359944438	-9.519526820525
-0.34227940915118	-2.0565166268529	5.5944087306339	0.55157326768233	0.52402783078626	0.85170114040164	9.9895877609495
-0.46907771704435	-0.45534365548331	0.054049267217716	0.81555673264821	0.72810733112711	0.68546313858511	8.4606045804307
-0.44173434107724	0.92984162398784	-4.9585921596516	0.56899154370123	0.53878275413795	0.84244474230867	9.1002402720618
-0.27137695473889	2.554035369052	-10.231077607736	-0.20696927281907	-0.20549480212343	0.97865820708777	8.1069457644744
-0.03287405207543	2.4703587843715	-8.3789431239822	-1.1822723464859	-0.92546921772152	0.37882281748849	-9.2633452692756
0.12304725473093	0.98487986742855	-5.1446777523751	-1.8043556283928	-0.97284878845277	-0.23144164449377	-8.5690563912857
0.18533595383146	-0.047522767785231	-3.9171631606175	-2.2453542470328	-0.78098312929202	-0.62455212093247	-7.4517426825681
0.16153460695597	-0.89773617549272	-4.0734824452267	-2.6520001812555	-0.47026627405034	-0.88252457840607	4.7788014466226
0.091463698453099	-0.063732717260325	-0.64952981589041	-2.8700605765954	-0.2682076942854	-0.96336111231776	-5.4948410626461
0.058502500812221	-0.81548176099939	-2.2216535112455	-3.0066792140554	-0.13450453762266	-0.99091297769225	4.284601834588
0.0062139923030078	-0.10132165229199	0.11511462398625	-3.1231450031564	-0.018446604113345	-0.99982984692231	-2.8737460872621
-0.0058584604413278	-0.52721425760107	-1.1798500226114	-3.1554378032113	0.013844707300496	-0.99990415744698	3.6238175122362
-0.037957806213088	0.022477183230293	0.2675398139758	-3.2080966210275	0.066454956233416	-0.99778942607747	-0.28188816609911
-0.044581796205945	-0.064014397492481	-0.12253478623124	-3.2003855403925	0.058759022039363	-0.99827219601118	1.1607840086425
-0.04153317875398	0.082640304250124	0.13635611909462	-3.1846565290902	0.043050566427264	-0.99907289460294	0.2570604514288
-0.041705882833383	0.086087418447474	0.02283492857243	-3.1984918200424	0.056868469436643	-0.99838167911072	1.8891973377543
-0.0055283880412757	0.36219900148031	0.72210999490762	-3.1529231976725	0.011330301646113	-0.99993581007213	-0.95482524152192
0.0047654086086555	0.22167016950043	0.29163192539961	-3.1324656954376	-0.0091268314379944	-0.99995834960657	-0.019101382560812
0.043347462621603	0.23719876489809	0.50628954652912	-3.0611815863905	-0.080324439691438	-0.99676877177621	-3.0627799399256
0.054660484979877	-0.2016052388188	-0.58897737900839	-3.0848500645037	-0.056712144766033	-0.99839057118747	1.5767414282234
0.038585365195033	0.085921829942704	0.42693030349377	-3.0909090614148	-0.050661895402732	-0.99871586167148	-3.0203036197676
0.007115152911805	-0.37110127947758	-0.73235140319367	-3.1027304392379	-0.038852433006718	-0.99924495918141	-0.57911613197231
-0.030774578742481	-0.44403200089668	-0.96698148721021	-3.1743950113723	0.032796475571905	-0.99946205090041	2.8002857916355
-0.054594803243251	-0.023728796271316	0.078321189152488	-3.215511649748	0.073851698759032	-0.99726923475579	0.33581488437444
-0.057830852314777	-0.020376612507098	-0.14257964149537	-3.2225596400246	0.080878550184545	-0.99672396385361	2.4843759948425
-0.049369686547905	0.30876833435932	0.67738368381141	-3.1823805230167	0.040776560909132	-0.99916829016959	-1.4182748173744
-0.01033583761838	0.062596157713647	-0.18542433436756	-3.192844941341	0.051229852472058	-0.99868688897757	4.2041184033165
0.0042228534546536	0.73619202055329	1.7599669777382	-3.102755936138	-0.038826955345222	-0.99924594947321	-3.7020030836769
0.081877833642118	0.20571885225269	0.4692851118639	-2.994697386366	-0.14636754718785	-0.98923027709943	-4.5755748608667
0.061886637826761	-0.42541832462132	-0.97250726091659	-3.0303464290027	-0.11101690779732	-0.99381851773003	-0.67242845381921
0.014177944711273	-0.49463655628629	-0.87343473683514	-3.1078074217891	-0.033778804854346	-0.99942933334109	-0.54113307306423
-0.068760010106106	-0.56339084038878	-1.142701964645	-3.2066029880105	0.064964551428247	-0.99788757235358	2.8011955745996
-0.083393695770575	-0.1849700990108	-0.2634290660907	-3.282299659588	0.14024316835891	-0.99011709091837	3.2097336843713
-0.099525764513078	0.24970960115736	0.65640599950898	-3.2514499402866	0.10963644896171	-0.99397175465859	-0.72114731183976
-0.063904559336	0.091906551373008	-0.09250957714156	-3.2286597563587	0.086957139810489	-0.99621205364921	3.5549779267934
-0.017115182089173	0.60666739017094	1.2477984351315	-3.1547389290255	0.013145896772485	-0.99991358896559	-1.8899714453901
0.036814059484195	0.29375738276626	0.41918842435985	-3.0869453784431	-0.054620080123226	-0.9985072092115	-1.0659576823225
-0.030579527295398	-0.037795509557095	-0.08588631504707	-0.0048616548741741	-0.0048616357227703	0.99998818217922	3.9412064703396
0.0014543750793868	0.57348635893106	-1.828222466296	-0.10186757989529	-0.10169149123924	0.99481598329015	-9.9999987746786
-0.027074172656942	-1.0816790165734	3.35783792383	-0.019659753036253	-0.019658486625672	0.99980675327965	-8.1215378735236
-0.19809729804217	-2.0981199653112	5.7038828867957	0.48713809340611	0.46809881006059	0.88367613072882	9.4722225566138
-0.34076579380167	-0.49934929089502	0.15462217134638	0.74638515380805	0.67898936954179	0.73414810225815	7.7973316509383
-0.31584374455508	0.77748604906345	-4.7406211120725	0.52936942334205	0.50498917473509	0.86312567648076	9.9882782996436
-0.14560442762145	2.4924115018125	-10.162443288088	-0.24026010411885	-0.23795526739156	0.97127611456301	8.0148448016926
0.10275441439349	2.418959516611	-8.1726275559599	-1.1949707872432	-0.93020493240951	0.36704057503363	-9.5126671573178
0.25776248723786	0.90359487122371	-4.9927221325489	-1.8319114834817	-0.96610269220857	-0.25815806806557	-9.8735019286733
0.30240372357974	-0.22778930618212	-3.9730802690643	-2.2571706157593	-0.77354884051685	-0.63373668927642	-7.2257459168608
0.24862545761711	-1.0620431880749	-4.0656274885392	-2.6436336893701	-0.47763336383721	-0.87855925796132	4.7870550723105
0.16967055014454	-0.22394545356069	-0.65812798197993	-2.8817807632821	-0.25689876002335	-0.96643832037977	-4.3036599144873
0.14811617154133	-0.77345186565878	-1.636966147606	-2.9861347306708	-0.15483251621329	-0.98794073300126	1.6787211061268
0.055628830435501	-0.4434064530958	-0.38338129994627	-3.0885598089574	-0.053007989135726	-0.99859408824997	-2.9441296611736
-0.0074773883597568	-0.90996786443605	-1.7298489248939	-3.194824802856	0.053207012510735	-0.99858350367893	4.6532364119811
-0.043755436973198	-0.2084758764028	0.018486134136468	-3.2761725185252	0.13417398674632	-0.99095778985817	1.8090069819586
-0.070140432770966	0.0097158868304244	0.30025937626572	-3.2494598746329	0.10765816411783	-0.99418797000305	0.063348737457449
-0.068670508970949	-0.046751326593926	-0.20942901600845	-3.2493971589418	0.10759581272052	-0.99419471990401	3.5796789671463
-0.05986348162277	0.46505930960622	1.0039084584688	-3.209322883135	0.067678457326441	-0.99770718470597	-0.97679687106073
-0.018807386751834	0.28238615863083	0.34275757103717	-3.1444762959588	0.0028836383725865	-0.99999584230622	0.082125452165062
0.016059518845573	0.27821696946068	0.36724556487862	-3.1262690561919	-0.015322997709208	-0.99988259597875	0.20645253774597
0.0413936124949	0.33996780052579	0.66037366392081	-3.0628432495977	-0.078668035566617	-0.99690086777979	-2.8335302890831
0.030257269841733	-0.069021429474143	-0.28844933329747	-3.0597698927424	-0.081731491329353	-0.99665438509299	-1.6166275543416
0.050110243234291	-0.27773893911913	-0.76439785511951	-3.1013360756065	-0.040245705615844	-0.99918981338857	2.7620922231108
0.046367268030601	0.16813818379677	0.7067580379896	-3.0996778083039	-0.041902573318195	-0.9991217014705	-2.8356916321412
0.042058300062216	-0.23058895973303	-0.41163980320598	-3.1007149124834	-0.040866357676668	-0.99916462147648	-0.14425254822561
0.0092332521438729	-0.25506352583322	-0.27889118675495	-3.0992133869618	-0.042366582224182	-0.99910213327299	-2.895843220132
-0.040482327471398	-0.69273858692284	-1.7202753626017	-3.2105920198742	0.06894462932447	-0.99762048800499	7.1000295004661
-0.060190795563066	0.34446115819757	1.1251345717398	-3.251972875277	0.11015621655738	-0.99391428601956	-1.0457053199345
-0.026913105538488	0.14213015897858	0.33046505610543	-3.1690810040754	0.027484888873655	-0.99962221908259	-0.62790866885935
-0.026150417158357	0.027341061810272	-0.092882611258219	-3.1652126631024	0.023617813287552	-0.99972106054415	1.1181407535501
-0.0029259060712171	0.18706779902907	0.32077101767545	-3.1510588338229	0.0094660388586408	-0.99995519605047	-0.014631373772855
-0.0041303799050519	0.20044361052634	0.33418291691812	-3.1367039915415	-0.0048886425759323	-0.99998805051549	-0.63926079932368
0.020547839942799	0.10305175962658	0.14158035942662	-3.0864795181233	-0.055085239067264	-0.99848165553349	-1.7958831116344
0.020281741219723	-0.16053128179058	-0.55539913648689	-3.1236931261939	-0.017898571597133	-0.99983980773661	2.4284930738111
0.022320356620659	0.23593359742562	0.67231768931616	-3.1350247215679	-0.0065678848010657	-0.99997843121201	-1.5560403206103
0.019789717370852	-0.0030697095712193	0.13585912458368	-3.0815440483285	-0.060012524206698	-0.99819762418989	-3.1413198125576
-0.0070316004905873	-0.45878205385538	-1.1470442064127	-3.1188806991451	-0.022710001899594	-0.99974209464928	2.1686804532241
-0.017014212931419	-0.13116384111038	-0.22151647439728	-3.1954978042435	0.053879048493922	-0.99854746914375	1.9571482184427
-0.0070330323145786	0.14801074972005	0.45226907462209	-3.184161758943	0.042556249734958	-0.99909407245189	-0.04378548342666
0.015069213207429	-0.0024456312504572	0.0026493082312114	0.0035352623262754	0.0035352549622816	0.99999375096665	3.7060954243094
0.047909861645677	0.57910041884113	-1.6858533613631	-0.05598911616558	-0.055959868479413	0.99843301884491	-9.999381268385
0.0076205753386	-1.0631509573493	3.4301969306051	0.0076049689655751	0.0076048956595229	0.99997108236289	-8.1598342926423
-0.14774892919263	-2.0436538332175	5.6324990962279	0.5049684716887	0.48377984731023	0.87518972762281	9.4166905010837
-0.2619637091001	-0.483959166359	0.1331216834316	0.76818294483687	0.69482960684543	0.71917439988575	7.0094404792516
-0.26853455276962	0.69131131886454	-4.5065019804876	0.5435074907323	0.51714122816201	0.85590008186417	9.9999999942422
-0.090800212820223	2.4518433523937	-10.124782306179	-0.16620255566371	-0.16543843491865	0.98622011957355	8.1890070423772
0.1594456365847	2.4213832690848	-8.3710886616628	-1.1677525471317	-0.91987142557725	0.39222004080169	-9.7923872651019
0.29891867732476	0.85900369973653	-5.0503007937809	-1.800759650759	-0.97367475566236	-0.22794181315818	-9.9790830580225
0.3419163559403	-0.28931317490112	-3.9502933329127	-2.2387761754433	-0.78507455131656	-0.61940128259078	-7.7928760285196
0.2522667054369	-1.1916161386955	-4.1100694872564	-2.630682947527	-0.48897098574404	-0.87230004877937	2.9710155594906
0.15808221225117	-0.62522749866214	-1.4548933595694	-2.8923341284289	-0.24668546712885	-0.96909559915801	-2.8489883418782
0.081704554213751	-0.98265290928056	-1.9831359832791	-3.0777546022088	-0.063794700380925	-0.99796304350577	3.6879656536286
0.026595832361092	-0.37425531147275	-0.13414947153122	-3.1539952765603	0.012402305000629	-0.99992308845764	-1.720888623656
-0.037832211821131	-0.67255407325538	-1.1208003309364	-3.2173054725873	0.075640503309912	-0.99713515345665	2.3699230623696
-0.067794070272642	-0.34795221178714	-0.56101200372461	-3.3173651312089	0.17486876478319	-0.98459175047489	5.5429378159715
-0.071414179709538	0.41813730979317	1.2705729378805	-3.2736522143739	0.13167604822693	-0.99129280150889	-0.84979627431342
-0.021297962732595	0.23065407997198	0.4558960017329	-3.1963248728612	0.054704897246958	-0.99850256595424	0.8518727703699
-0.022810582473279	0.35486518902527	0.74233660562929	-3.1244147500389	-0.017177058753	-0.99985246344278	-2.5989431092429
0.012109440618842	-0.042094840071686	-0.39809674810657	-3.1111434959342	-0.030444452711506	-0.99953646021498	1.6828149864141
0.0020358505690085	0.2278924361173	0.53324109338058	-3.0948901133311	-0.046685564746103	-0.99890963457379	-3.059205903494
0.020262790200867	-0.22987919735385	-0.7338123246198	-3.1035915171618	-0.037991990934469	-0.99927804370197	1.994595505893
0.0084165823018357	0.083444415176352	0.24563720449798	-3.1520747505035	0.01048190496251	-0.99994506332516	-0.17722838040978
0.012905387326689	0.079075807943463	0.18628870159021	-3.1187928459485	-0.022797832350681	-0.99974009564492	-1.1392987550323
0.023356833797715	-0.11809290527348	-0.23964131237679	-3.1342599545025	-0.0073326333761077	-0.99997311588251	0.84506621342776
-0.0051570550102717	0.043774512743322	0.23492840319876	-3.125537080578	-0.016054883215938	-0.99987111205641	-2.1774851552854
-0.0096635886687811	-0.29361173399252	-0.74508036891929	-3.1416957237441	0.00010307015411638	-0.99999999468827	1.8757186970153
-0.022439890132882	0.00090645091154442	-0.011624447203651	-3.1738825476633	0.032284283258219	-0.99947872666431	0.63949831550176
-0.013266379517894	0.05905246354769	0.11318805346382	-3.1726710642812	0.031073407994581	-0.99951710506404	0.6684949881802
-0.016120515164331	0.14245657884097	0.29274529541619	-3.1631032153161	0.021508902926525	-0.99976865678761	-0.2252807244407
0.019068482434165	0.11772515476389	0.12243863105584	-3.1377850537217	-0.0038075906678039	-0.99999275110038	0.89679596236039
0.036871770427573	0.26341992336148	0.6246840578444	-3.1116949430811	-0.029893256581224	-0.99955309674422	-1.5069859825912
0.026800325065551	0.056061648339653	0.15912080520223	-3.0574426612906	-0.084050713338208	-0.99646147822549	-3.4009772421373
0.015056402961664	-0.43867607571355	-1.1459799818497	-3.1125646144491	-0.02902396267722	-0.99957871605517	3.032470650967
0.0027630987405829	0.030329711333289	0.2603005519872	-3.1704209005348	0.028824254072903	-0.99958449486631	-0.25767788493361
0.0045322245013029	-0.0075029908641805	0.11588656443621	-3.1452389956051	0.0036463339351546	-0.99999335210232	-0.7414230991536
-0.0039093900312159	-0.12969858098234	-0.24664647766333	-3.1287788771478	-0.012813425789719	-0.99991790468995	-0.63170321445884
-0.017774836551302	-0.24579550419993	-0.62347681196985	-3.1919004279466	0.050286556617663	-0.9987348307852	3.6990883871554
0.0020605252525029	0.31151994106897	0.90134840582679	-3.178871591413	0.037270303880484	-0.99930522086531	-1.0703030257468
-0.0032909725430778	0.14146837083992	0.37722120112674	-3.1143482018683	-0.027241081434765	-0.99962889288089	-2.4313336664717
